{
 "wheel_radius": 0.05526869448043319,
 "segments": {
  "shoulder_pan": {
   "parent": "base_link",
   "T_rel": [
    [
     -3.6732013206875565e-06,
     -6.326808389085242e-06,
     -0.9999999999732394,
     -0.153251342929766
    ],
    [
     -0.9999999999732395,
     -6.326771865225013e-06,
     3.6732413489608707e-06,
     -0.06982579096012043
    ],
    [
     -6.326795104949881e-06,
     0.9999999999599717,
     -6.326785149409164e-06,
     0.1299999358467484
    ],
    [
     0.0,
     0.0,
     0.0,
     1.0
    ]
   ],
   "axis_local": [
    8.98746732097844e-22,
    -1.0000000000000002,
    4.502172950032084e-22
   ],
   "collision_center": [
    0.00045000016689300537,
    0.00987500075995923,
    -0.010499999374151244
   ],
   "collision_size": [
    0.040899999439716346,
    0.09174999967217448,
    0.06062552332878112
   ]
  },
  "shoulder_lift": {
   "parent": "shoulder_pan",
   "T_rel": [
    [
     1.0000000000000002,
     -1.4571711596660919e-15,
     -3.23295255714681e-22,
     -0.019000000000000024
    ],
    [
     1.457171345415369e-15,
     1.0000000000000002,
     -8.000400013755394e-14,
     0.04450000000000001
    ],
    [
     8.448043362917763e-23,
     8.000399952955914e-14,
     0.9999999999999999,
     0.0
    ],
    [
     0.0,
     0.0,
     0.0,
     1.0
    ]
   ],
   "axis_local": [
    -1.0000000000000002,
    -1.0844960092809867e-21,
    2.723066925619846e-22
   ],
   "collision_center": [
    0.01920000000000003,
    0.06249999642372135,
    0.021249998845159965
   ],
   "collision_size": [
    0.053500000387430205,
    0.1319999992847443,
    0.06299999915063378
   ]
  },
  "elbow_flex": {
   "parent": "shoulder_lift",
   "T_rel": [
    [
     1.0000000000000002,
     -8.988050601665948e-22,
     -2.251361194421084e-22,
     0.038200000000000005
    ],
    [
     1.0844960092809867e-21,
     1.0000000000000002,
     -1.5777750200689663e-22,
     0.11314999999999997
    ],
    [
     -6.958231661891347e-22,
     -4.470148697710225e-22,
     0.9999999999999999,
     0.04149999999999998
    ],
    [
     0.0,
     0.0,
     0.0,
     1.0
    ]
   ],
   "axis_local": [
    -1.0000000000000002,
    -1.0844960092809867e-21,
    2.723066925619846e-22
   ],
   "collision_center": [
    -0.019199999999999974,
    -0.006312365853786417,
    0.0839999977722764
   ],
   "collision_size": [
    0.053500000387430205,
    0.0326247364282608,
    0.1749999951571226
   ]
  },
  "wrist_flex": {
   "parent": "elbow_flex",
   "T_rel": [
    [
     1.0000000000000002,
     -8.988050601665948e-22,
     -2.251361194421084e-22,
     -0.033900000000000007
    ],
    [
     1.0844960092809867e-21,
     1.0000000000000002,
     -1.5777750200689663e-22,
     -5.551115123125783e-17
    ],
    [
     -2.723066925619846e-22,
     -4.470148697710225e-22,
     0.9999999999999999,
     0.1620000000000001
    ],
    [
     0.0,
     0.0,
     0.0,
     1.0
    ]
   ],
   "axis_local": [
    1.0000000000000002,
    1.0844960092809867e-21,
    -2.723066925619846e-22
   ],
   "collision_center": [
    0.014700000000000015,
    0.023436323088645947,
    0.035690304605274115
   ],
   "collision_size": [
    0.04500000178813935,
    0.08607263368415827,
    0.0878806084952925
   ]
  },
  "gripper_left": {
   "parent": "wrist_flex",
   "T_rel": [
    [
     1.0000000000000002,
     -8.988050601665948e-22,
     -2.251361194421084e-22,
     0.003900000000000084
    ],
    [
     1.0844960092809867e-21,
     1.0000000000000002,
     -1.5777750200689663e-22,
     0.015200000000000047
    ],
    [
     -2.723066925619846e-22,
     -4.470148697710225e-22,
     0.9999999999999999,
     0.05819999999999992
    ],
    [
     0.0,
     0.0,
     0.0,
     1.0
    ]
   ],
   "axis_local": [
    8.988050601665948e-22,
    -1.0000000000000002,
    4.470148697710225e-22
   ],
   "collision_center": [
    -0.0002521184396929322,
    -0.015100003004074047,
    0.04160066800117481
   ],
   "collision_size": [
    0.012,
    0.03999999165534973,
    0.045
   ]
  },
  "gripper_right": {
   "parent": "wrist_flex",
   "T_rel": [
    [
     1.0000000000000002,
     -8.988050601665948e-22,
     -2.251361194421084e-22,
     0.02220000000000011
    ],
    [
     1.0844960092809867e-21,
     1.0000000000000002,
     -1.5777750200689663e-22,
     0.014900000000000024
    ],
    [
     -2.723066925619846e-22,
     -4.470148697710225e-22,
     0.9999999999999999,
     0.058199999999999974
    ],
    [
     0.0,
     0.0,
     0.0,
     1.0
    ]
   ],
   "axis_local": [
    8.988050601665948e-22,
    -1.0000000000000002,
    4.470148697710225e-22
   ],
   "collision_center": [
    -0.007144980765879092,
    -0.012605017256736684,
    0.0425000126838684
   ],
   "collision_size": [
    0.012,
    0.04418996315002455,
    0.045
   ]
  }
 }
}